[{"model": "core.movie", "pk": 20, "fields": {"background_image": "03_mJYozac.jpg", "name": "Game Of Throne", "year": 2024, "description": "The journey from the vibrant souks and palaces of Marrakech to the tranquil, starlit sands of Merzouga showcases the diverse splendor of Morocco. Camel treks a", "duration": "02:45:00", "slug": "game-of-throne-1752518465.290403", "created_date": "2025-07-14T00:00:00Z", "imdb_rating": null, "streamvibe_rating": null, "is_background": true, "is_carousel": false, "is_upcoming": false, "is_series": false, "is_trend": false, "is_featured": false, "is_trailer": false, "is_popular": false, "is_series_background": false, "is_web_background": false, "is_film_background": false, "is_top_rated": false, "is_rated_scenes": false, "is_film_rated_movie": false, "is_most_watch_series": false, "is_rated_series": false}}, {"model": "core.movie", "pk": 21, "fields": {"background_image": "sm-1_IwvAMdJ.jpg", "name": "Game Of Throne", "year": 2024, "description": "The journey from the vibrant souks and palaces of Marrakech to the tranquil, starlit sands of Merzouga showcases the diverse splendor of Morocco. Camel treks a", "duration": "02:45:00", "slug": "game-of-throne-1752518465.296259", "created_date": "2025-07-14T00:00:00Z", "imdb_rating": "5.00", "streamvibe_rating": "7.00", "is_background": false, "is_carousel": true, "is_upcoming": false, "is_series": false, "is_trend": false, "is_featured": false, "is_trailer": false, "is_popular": false, "is_series_background": false, "is_web_background": false, "is_film_background": false, "is_top_rated": false, "is_rated_scenes": false, "is_film_rated_movie": false, "is_most_watch_series": false, "is_rated_series": false}}, {"model": "core.movie", "pk": 22, "fields": {"background_image": "04_wTA055e.jpg", "name": "Game Of Throne", "year": 2024, "description": "The journey from the vibrant souks and palaces of Marrakech to the tranquil, starlit sands of Merzouga showcases the diverse splendor of Morocco. Camel treks a", "duration": "02:45:00", "slug": "game-of-throne-1752518465.300986", "created_date": "2025-07-14T00:00:00Z", "imdb_rating": "8.00", "streamvibe_rating": "7.00", "is_background": true, "is_carousel": false, "is_upcoming": false, "is_series": false, "is_trend": false, "is_featured": false, "is_trailer": false, "is_popular": false, "is_series_background": false, "is_web_background": false, "is_film_background": false, "is_top_rated": false, "is_rated_scenes": false, "is_film_rated_movie": false, "is_most_watch_series": false, "is_rated_series": false}}, {"model": "core.movie", "pk": 23, "fields": {"background_image": "sm-2_4H8xno7.jpg", "name": "Game Of Throne", "year": 2024, "description": "The journey from the vibrant souks and palaces of Marrakech to the tranquil, starlit sands of Merzouga showcases the diverse splendor of Morocco. Camel treks a", "duration": "02:45:00", "slug": "game-of-throne-1752518465.304793", "created_date": "2025-07-14T00:00:00Z", "imdb_rating": "8.00", "streamvibe_rating": "7.00", "is_background": false, "is_carousel": true, "is_upcoming": false, "is_series": false, "is_trend": false, "is_featured": false, "is_trailer": false, "is_popular": false, "is_series_background": false, "is_web_background": false, "is_film_background": false, "is_top_rated": false, "is_rated_scenes": false, "is_film_rated_movie": false, "is_most_watch_series": false, "is_rated_series": false}}, {"model": "core.movie", "pk": 24, "fields": {"background_image": "05_f4GLzpu.jpg", "name": "Game Of Throne", "year": 2024, "description": "The journey from the vibrant souks and palaces of Marrakech to the tranquil, starlit sands of Merzouga showcases the diverse splendor of Morocco. Camel treks a", "duration": "02:45:00", "slug": "game-of-throne-1752518465.308689", "created_date": "2025-07-14T00:00:00Z", "imdb_rating": "6.70", "streamvibe_rating": "6.50", "is_background": true, "is_carousel": false, "is_upcoming": false, "is_series": false, "is_trend": false, "is_featured": false, "is_trailer": false, "is_popular": false, "is_series_background": false, "is_web_background": false, "is_film_background": false, "is_top_rated": false, "is_rated_scenes": false, "is_film_rated_movie": false, "is_most_watch_series": false, "is_rated_series": false}}, {"model": "core.movie", "pk": 25, "fields": {"background_image": "sm-3_11AWFG7.jpg", "name": "Game Of Throne", "year": 2024, "description": "The journey from the vibrant souks and palaces of Marrakech to the tranquil, starlit sands of Merzouga showcases the diverse splendor of Morocco. Camel treks a", "duration": "02:45:00", "slug": "game-of-throne-1752518465.312544", "created_date": "2025-07-14T00:00:00Z", "imdb_rating": "6.70", "streamvibe_rating": "6.50", "is_background": false, "is_carousel": true, "is_upcoming": false, "is_series": false, "is_trend": false, "is_featured": false, "is_trailer": false, "is_popular": false, "is_series_background": false, "is_web_background": false, "is_film_background": false, "is_top_rated": false, "is_rated_scenes": false, "is_film_rated_movie": false, "is_most_watch_series": false, "is_rated_series": false}}, {"model": "core.movie", "pk": 26, "fields": {"background_image": "02_JAJudcB.jpg", "name": "Windatalkers", "year": 2024, "description": "A fiery young man clashes with an unflinching forest officer in a south Indian village where spirituality, fate and folklore rule the lands.", "duration": "02:45:00", "slug": "windatalkers-1752518519.206679", "created_date": "2025-07-14T00:00:00Z", "imdb_rating": "5.00", "streamvibe_rating": "4.00", "is_background": false, "is_carousel": false, "is_upcoming": false, "is_series": false, "is_trend": true, "is_featured": false, "is_trailer": false, "is_popular": false, "is_series_background": false, "is_web_background": false, "is_film_background": false, "is_top_rated": false, "is_rated_scenes": false, "is_film_rated_movie": false, "is_most_watch_series": false, "is_rated_series": false}}, {"model": "core.movie", "pk": 27, "fields": {"background_image": "03_ucSjeYK.jpg", "name": "Outsider", "year": 2024, "description": "A fiery young man clashes with an unflinching forest officer in a south Indian village where spirituality, fate and folklore rule the lands.", "duration": "02:45:00", "slug": "outsider-1752518465.320638", "created_date": "2025-07-14T00:00:00Z", "imdb_rating": "8.00", "streamvibe_rating": "9.00", "is_background": false, "is_carousel": false, "is_upcoming": false, "is_series": false, "is_trend": true, "is_featured": false, "is_trailer": false, "is_popular": false, "is_series_background": false, "is_web_background": false, "is_film_background": false, "is_top_rated": false, "is_rated_scenes": false, "is_film_rated_movie": false, "is_most_watch_series": false, "is_rated_series": false}}, {"model": "core.movie", "pk": 28, "fields": {"background_image": "04_uer6ukr.jpg", "name": "Johnny English", "year": 2018, "description": "There are many variations of passages of Lorem Ipsum available, but the majority have suffered alteration in some form, by injected humour, or randomised words which don't look even slightly believable. If you are going to use a passage of Lorem Ipsum, you need to be sure there isn't anything embarrassing hidden in the middle of text.", "duration": "02:30:00", "slug": "johnny-english-1752518465.324329", "created_date": "2025-07-14T00:00:00Z", "imdb_rating": "4.00", "streamvibe_rating": "5.00", "is_background": false, "is_carousel": false, "is_upcoming": false, "is_series": false, "is_trend": true, "is_featured": false, "is_trailer": false, "is_popular": true, "is_series_background": false, "is_web_background": false, "is_film_background": false, "is_top_rated": false, "is_rated_scenes": false, "is_film_rated_movie": false, "is_most_watch_series": false, "is_rated_series": false}}, {"model": "core.movie", "pk": 29, "fields": {"background_image": "05_y5tiY0D.jpg", "name": "trending", "year": 2020, "description": "There are many variations of passages of Lorem Ipsum available, but the majority have suffered alteration in some form, by injected humour, or randomised words which don't look even slightly believable. If you are going to use a passage of Lorem Ipsum, you need to be sure there isn't anything embarrassing hidden in the middle of text.", "duration": "02:30:00", "slug": "trending-1752518465.328753", "created_date": "2025-07-14T00:00:00Z", "imdb_rating": "8.00", "streamvibe_rating": "9.00", "is_background": false, "is_carousel": false, "is_upcoming": false, "is_series": false, "is_trend": true, "is_featured": false, "is_trailer": false, "is_popular": true, "is_series_background": false, "is_web_background": false, "is_film_background": false, "is_top_rated": false, "is_rated_scenes": false, "is_film_rated_movie": false, "is_most_watch_series": false, "is_rated_series": false}}, {"model": "core.movie", "pk": 30, "fields": {"background_image": "19.jpg", "name": "Happy Women’s day", "year": 2020, "description": "4K Quality", "duration": "02:45:00", "slug": "happy-womens-day-1752518465.333468", "created_date": "2025-07-14T00:00:00Z", "imdb_rating": "9.00", "streamvibe_rating": "8.90", "is_background": false, "is_carousel": false, "is_upcoming": true, "is_series": false, "is_trend": false, "is_featured": false, "is_trailer": false, "is_popular": false, "is_series_background": false, "is_web_background": false, "is_film_background": false, "is_top_rated": false, "is_rated_scenes": false, "is_film_rated_movie": false, "is_most_watch_series": false, "is_rated_series": false}}, {"model": "core.movie", "pk": 31, "fields": {"background_image": "20.jpg", "name": "Happy Women’s day", "year": 2020, "description": "4K Quality", "duration": "02:45:00", "slug": "happy-womens-day-1752518465.337433", "created_date": "2025-07-14T00:00:00Z", "imdb_rating": "7.00", "streamvibe_rating": "6.00", "is_background": false, "is_carousel": false, "is_upcoming": true, "is_series": false, "is_trend": false, "is_featured": false, "is_trailer": false, "is_popular": false, "is_series_background": false, "is_web_background": false, "is_film_background": false, "is_top_rated": false, "is_rated_scenes": false, "is_film_rated_movie": false, "is_most_watch_series": false, "is_rated_series": false}}, {"model": "core.movie", "pk": 32, "fields": {"background_image": "21.jpg", "name": "Happy Women’s day", "year": 2010, "description": "4K Quality", "duration": "02:45:00", "slug": "happy-womens-day-1752518465.341412", "created_date": "2025-07-14T00:00:00Z", "imdb_rating": "5.00", "streamvibe_rating": "6.70", "is_background": false, "is_carousel": false, "is_upcoming": true, "is_series": false, "is_trend": false, "is_featured": false, "is_trailer": false, "is_popular": false, "is_series_background": false, "is_web_background": false, "is_film_background": false, "is_top_rated": false, "is_rated_scenes": false, "is_film_rated_movie": false, "is_most_watch_series": false, "is_rated_series": false}}, {"model": "core.movie", "pk": 33, "fields": {"background_image": "22.jpg", "name": "Happy Women’s day", "year": 2020, "description": "4K Quality", "duration": "02:45:00", "slug": "happy-womens-day-1752518465.345078", "created_date": "2025-07-14T00:00:00Z", "imdb_rating": "7.80", "streamvibe_rating": "8.00", "is_background": false, "is_carousel": false, "is_upcoming": true, "is_series": false, "is_trend": false, "is_featured": false, "is_trailer": false, "is_popular": false, "is_series_background": false, "is_web_background": false, "is_film_background": false, "is_top_rated": false, "is_rated_scenes": false, "is_film_rated_movie": false, "is_most_watch_series": false, "is_rated_series": false}}, {"model": "core.movie", "pk": 34, "fields": {"background_image": "18.jpg", "name": "Happy Women’s day", "year": 2021, "description": "4K Quality", "duration": "02:45:00", "slug": "happy-womens-day-1752518465.351059", "created_date": "2025-07-14T00:00:00Z", "imdb_rating": "6.70", "streamvibe_rating": "8.00", "is_background": false, "is_carousel": false, "is_upcoming": true, "is_series": false, "is_trend": false, "is_featured": false, "is_trailer": false, "is_popular": false, "is_series_background": false, "is_web_background": false, "is_film_background": false, "is_top_rated": false, "is_rated_scenes": false, "is_film_rated_movie": false, "is_most_watch_series": false, "is_rated_series": false}}, {"model": "core.movie", "pk": 35, "fields": {"background_image": "23.jpg", "name": "Happy Women’s day", "year": 2024, "description": "4K Quality", "duration": "02:45:00", "slug": "happy-womens-day-1752518465.354324", "created_date": "2025-07-14T00:00:00Z", "imdb_rating": "5.00", "streamvibe_rating": "6.00", "is_background": false, "is_carousel": false, "is_upcoming": true, "is_series": false, "is_trend": false, "is_featured": false, "is_trailer": false, "is_popular": false, "is_series_background": false, "is_web_background": false, "is_film_background": false, "is_top_rated": false, "is_rated_scenes": false, "is_film_rated_movie": false, "is_most_watch_series": false, "is_rated_series": false}}, {"model": "core.movie", "pk": 36, "fields": {"background_image": "24.jpg", "name": "Happy Women’s day", "year": 2020, "description": "There are many variations of passages of Lorem Ipsum available, but the majority have suffered alteration in some form, by injected humour, or randomised words which don't look even slightly believable. If you are going to use a passage of Lorem Ipsum, you need to be sure there isn't anything embarrassing hidden in the middle of text.", "duration": "02:45:00", "slug": "happy-womens-day-1752518465.357473", "created_date": "2025-07-14T00:00:00Z", "imdb_rating": "10.00", "streamvibe_rating": "10.00", "is_background": false, "is_carousel": false, "is_upcoming": true, "is_series": false, "is_trend": false, "is_featured": false, "is_trailer": false, "is_popular": false, "is_series_background": false, "is_web_background": false, "is_film_background": false, "is_top_rated": false, "is_rated_scenes": false, "is_film_rated_movie": false, "is_most_watch_series": false, "is_rated_series": false}}, {"model": "core.movie", "pk": 37, "fields": {"background_image": "01_wVmoWVp.jpg", "name": "beverly hills", "year": 2024, "description": "There are many variations of passages of Lorem Ipsum available, but the majority have suffered alteration in some form, by injected humour, or randomised words which don't look even slightly believable. If you are going to use a passage of Lorem Ipsum, you need to be sure there isn't anything embarrassing hidden in the middle of text.", "duration": "02:30:00", "slug": "beverly-hills-1752518465.360763", "created_date": "2025-07-14T00:00:00Z", "imdb_rating": "1.00", "streamvibe_rating": "1.00", "is_background": false, "is_carousel": false, "is_upcoming": false, "is_series": true, "is_trend": false, "is_featured": false, "is_trailer": false, "is_popular": false, "is_series_background": false, "is_web_background": false, "is_film_background": false, "is_top_rated": false, "is_rated_scenes": false, "is_film_rated_movie": false, "is_most_watch_series": false, "is_rated_series": false}}, {"model": "core.movie", "pk": 38, "fields": {"background_image": "02_AGkpF47.jpg", "name": "Glass", "year": 2024, "description": "There are many variations of passages of Lorem Ipsum available, but the majority have suffered alteration in some form, by injected humour, or randomised words which don't look even slightly believable. If you are going to use a passage of Lorem Ipsum, you need to be sure there isn't anything embarrassing hidden in the middle of text.", "duration": "02:40:00", "slug": "glass-1752518465.364522", "created_date": "2025-07-14T00:00:00Z", "imdb_rating": "5.00", "streamvibe_rating": "7.00", "is_background": false, "is_carousel": false, "is_upcoming": false, "is_series": true, "is_trend": false, "is_featured": false, "is_trailer": false, "is_popular": false, "is_series_background": false, "is_web_background": false, "is_film_background": false, "is_top_rated": false, "is_rated_scenes": false, "is_film_rated_movie": false, "is_most_watch_series": false, "is_rated_series": false}}, {"model": "core.movie", "pk": 39, "fields": {"background_image": "03_ll5T5g0.jpg", "name": "windtalkers", "year": 2024, "description": "There are many variations of passages of Lorem Ipsum available, but the majority have suffered alteration in some form, by injected humour, or randomised words which don't look even slightly believable. If you are going to use a passage of Lorem Ipsum, you need to be sure there isn't anything embarrassing hidden in the middle of text.", "duration": "02:30:00", "slug": "windtalkers-1752518465.368515", "created_date": "2025-07-14T00:00:00Z", "imdb_rating": "3.00", "streamvibe_rating": "4.00", "is_background": false, "is_carousel": false, "is_upcoming": false, "is_series": true, "is_trend": false, "is_featured": false, "is_trailer": false, "is_popular": false, "is_series_background": false, "is_web_background": false, "is_film_background": false, "is_top_rated": false, "is_rated_scenes": false, "is_film_rated_movie": false, "is_most_watch_series": false, "is_rated_series": false}}, {"model": "core.movie", "pk": 40, "fields": {"background_image": "04_13TF1p3.jpg", "name": "Nolan Outsider", "year": 2024, "description": "There are many variations of passages of Lorem Ipsum available, but the majority have suffered alteration in some form, by injected humour, or randomised words which don't look even slightly believable. If you are going to use a passage of Lorem Ipsum, you need to be sure there isn't anything embarrassing hidden in the middle of text.", "duration": "02:45:00", "slug": "nolan-outsider-1752518465.372144", "created_date": "2025-07-14T00:00:00Z", "imdb_rating": "2.00", "streamvibe_rating": "3.40", "is_background": false, "is_carousel": false, "is_upcoming": false, "is_series": true, "is_trend": false, "is_featured": false, "is_trailer": false, "is_popular": false, "is_series_background": false, "is_web_background": false, "is_film_background": false, "is_top_rated": false, "is_rated_scenes": false, "is_film_rated_movie": false, "is_most_watch_series": false, "is_rated_series": false}}, {"model": "core.movie", "pk": 45, "fields": {"background_image": "movie-bg-2.jpg", "name": "series.background", "year": 2024, "description": "There are many variations of passages of Lorem Ipsum available, but the majority have suffered alteration in some form, by injected humour, or randomised words which don't look even slightly believable. If you are going to use a passage of Lorem Ipsum, you need to be sure there isn't anything embarrassing hidden in the middle of text.", "duration": "02:45:00", "slug": "seriesbackground-1752518465.37565", "created_date": "2025-07-14T00:00:00Z", "imdb_rating": "10.00", "streamvibe_rating": "9.00", "is_background": false, "is_carousel": false, "is_upcoming": false, "is_series": false, "is_trend": false, "is_featured": false, "is_trailer": false, "is_popular": false, "is_series_background": true, "is_web_background": false, "is_film_background": false, "is_top_rated": false, "is_rated_scenes": false, "is_film_rated_movie": false, "is_most_watch_series": false, "is_rated_series": false}}, {"model": "core.movie", "pk": 46, "fields": {"background_image": "03_UWlFpn9.jpg", "name": "House of the drag", "year": 2024, "description": "There are many variations of passages of Lorem Ipsum available, but the majority have suffered alteration in some form, by injected humour, or randomised words which don't look even slightly believable. If you are going to use a passage of Lorem Ipsum, you need to be sure there isn't anything embarrassing hidden in the middle of text.", "duration": "02:45:00", "slug": "house-of-the-drag-1752518465.379123", "created_date": "2025-07-14T00:00:00Z", "imdb_rating": "10.00", "streamvibe_rating": "9.00", "is_background": false, "is_carousel": false, "is_upcoming": false, "is_series": false, "is_trend": false, "is_featured": false, "is_trailer": false, "is_popular": false, "is_series_background": false, "is_web_background": false, "is_film_background": false, "is_top_rated": true, "is_rated_scenes": false, "is_film_rated_movie": false, "is_most_watch_series": false, "is_rated_series": false}}, {"model": "core.movie", "pk": 47, "fields": {"background_image": "04_r7mHIvT.jpg", "name": "House of the drag", "year": 2024, "description": "There are many variations of passages of Lorem Ipsum available, but the majority have suffered alteration in some form, by injected humour, or randomised words which don't look even slightly believable. If you are going to use a passage of Lorem Ipsum, you need to be sure there isn't anything embarrassing hidden in the middle of text.", "duration": "02:45:00", "slug": "house-of-the-drag-1752518465.382724", "created_date": "2025-07-14T00:00:00Z", "imdb_rating": "10.00", "streamvibe_rating": "9.00", "is_background": false, "is_carousel": false, "is_upcoming": false, "is_series": false, "is_trend": false, "is_featured": false, "is_trailer": false, "is_popular": false, "is_series_background": false, "is_web_background": false, "is_film_background": false, "is_top_rated": true, "is_rated_scenes": false, "is_film_rated_movie": false, "is_most_watch_series": false, "is_rated_series": false}}, {"model": "core.movie", "pk": 48, "fields": {"background_image": "05_HKRtZED.jpg", "name": "House of the drag", "year": 2024, "description": "There are many variations of passages of Lorem Ipsum available, but the majority have suffered alteration in some form, by injected humour, or randomised words which don't look even slightly believable. If you are going to use a passage of Lorem Ipsum, you need to be sure there isn't anything embarrassing hidden in the middle of text.", "duration": "02:45:00", "slug": "house-of-the-drag-1752518465.386788", "created_date": "2025-07-14T00:00:00Z", "imdb_rating": "10.00", "streamvibe_rating": "9.00", "is_background": false, "is_carousel": false, "is_upcoming": false, "is_series": false, "is_trend": false, "is_featured": false, "is_trailer": false, "is_popular": false, "is_series_background": false, "is_web_background": false, "is_film_background": false, "is_top_rated": true, "is_rated_scenes": false, "is_film_rated_movie": false, "is_most_watch_series": false, "is_rated_series": false}}, {"model": "core.movie", "pk": 49, "fields": {"background_image": "04_L7QmkOd.jpg", "name": "House of the drag", "year": 2024, "description": "There are many variations of passages of Lorem Ipsum available, but the majority have suffered alteration in some form, by injected humour, or randomised words which don't look even slightly believable. If you are going to use a passage of Lorem Ipsum, you need to be sure there isn't anything embarrassing hidden in the middle of text.", "duration": "02:45:00", "slug": "house-of-the-drag-1752518465.390608", "created_date": "2025-07-14T00:00:00Z", "imdb_rating": "10.00", "streamvibe_rating": "9.00", "is_background": false, "is_carousel": false, "is_upcoming": false, "is_series": false, "is_trend": false, "is_featured": false, "is_trailer": false, "is_popular": false, "is_series_background": false, "is_web_background": false, "is_film_background": false, "is_top_rated": true, "is_rated_scenes": false, "is_film_rated_movie": false, "is_most_watch_series": false, "is_rated_series": false}}, {"model": "core.movie", "pk": 50, "fields": {"background_image": "movie-bg_P95u4YN.jpg", "name": "film.background", "year": 2024, "description": "There are many variations of passages of Lorem Ipsum available, but the majority have suffered alteration in some form, by injected humour, or randomised words which don't look even slightly believable. If you are going to use a passage of Lorem Ipsum, you need to be sure there isn't anything embarrassing hidden in the middle of text.", "duration": "02:45:00", "slug": "filmbackground-1752518465.394434", "created_date": "2025-07-14T00:00:00Z", "imdb_rating": "8.00", "streamvibe_rating": "7.80", "is_background": false, "is_carousel": false, "is_upcoming": false, "is_series": false, "is_trend": false, "is_featured": false, "is_trailer": false, "is_popular": false, "is_series_background": false, "is_web_background": false, "is_film_background": true, "is_top_rated": false, "is_rated_scenes": false, "is_film_rated_movie": false, "is_most_watch_series": false, "is_rated_series": false}}, {"model": "core.movie", "pk": 51, "fields": {"background_image": "01_J8QXIdv.jpg", "name": "House of the drag", "year": 2024, "description": "There are many variations of passages of Lorem Ipsum available, but the majority have suffered alteration in some form, by injected humour, or randomised words which don't look even slightly believable. If you are going to use a passage of Lorem Ipsum, you need to be sure there isn't anything embarrassing hidden in the middle of text.", "duration": "02:45:00", "slug": "house-of-the-drag-1752518465.398735", "created_date": "2025-07-14T00:00:00Z", "imdb_rating": "8.00", "streamvibe_rating": "7.80", "is_background": false, "is_carousel": false, "is_upcoming": false, "is_series": false, "is_trend": false, "is_featured": false, "is_trailer": false, "is_popular": false, "is_series_background": false, "is_web_background": false, "is_film_background": false, "is_top_rated": false, "is_rated_scenes": false, "is_film_rated_movie": true, "is_most_watch_series": false, "is_rated_series": false}}, {"model": "core.movie", "pk": 52, "fields": {"background_image": "02_b3Uzxnk.jpg", "name": "House of the drag", "year": 2024, "description": "There are many variations of passages of Lorem Ipsum available, but the majority have suffered alteration in some form, by injected humour, or randomised words which don't look even slightly believable. If you are going to use a passage of Lorem Ipsum, you need to be sure there isn't anything embarrassing hidden in the middle of text.", "duration": "02:45:00", "slug": "house-of-the-drag-1752518465.402567", "created_date": "2025-07-14T00:00:00Z", "imdb_rating": "8.00", "streamvibe_rating": "7.80", "is_background": false, "is_carousel": false, "is_upcoming": false, "is_series": false, "is_trend": false, "is_featured": false, "is_trailer": false, "is_popular": false, "is_series_background": false, "is_web_background": false, "is_film_background": false, "is_top_rated": false, "is_rated_scenes": false, "is_film_rated_movie": true, "is_most_watch_series": false, "is_rated_series": false}}, {"model": "core.movie", "pk": 53, "fields": {"background_image": "09.jpg", "name": "Joker", "year": 2024, "description": "There are many variations of passages of Lorem Ipsum available, but the majority have suffered alteration in some form, by injected humour, or randomised words which don't look even slightly believable. If you are going to use a passage of Lorem Ipsum, you need to be sure there isn't anything embarrassing hidden in the middle of text.", "duration": "02:45:00", "slug": "joker-1752518465.406009", "created_date": "2025-07-14T00:00:00Z", "imdb_rating": "9.00", "streamvibe_rating": "8.90", "is_background": false, "is_carousel": false, "is_upcoming": false, "is_series": false, "is_trend": false, "is_featured": true, "is_trailer": true, "is_popular": true, "is_series_background": false, "is_web_background": false, "is_film_background": false, "is_top_rated": false, "is_rated_scenes": false, "is_film_rated_movie": false, "is_most_watch_series": false, "is_rated_series": false}}, {"model": "core.movie", "pk": 54, "fields": {"background_image": "10.jpg", "name": "fieldes destiney", "year": 2024, "description": "There are many variations of passages of Lorem Ipsum available, but the majority have suffered alteration in some form, by injected humour, or randomised words which don't look even slightly believable. If you are going to use a passage of Lorem Ipsum, you need to be sure there isn't anything embarrassing hidden in the middle of text.", "duration": "02:45:00", "slug": "fieldes-destiney-1752518465.409956", "created_date": "2025-07-14T00:00:00Z", "imdb_rating": "25.00", "streamvibe_rating": "6.00", "is_background": false, "is_carousel": false, "is_upcoming": false, "is_series": false, "is_trend": false, "is_featured": true, "is_trailer": true, "is_popular": true, "is_series_background": false, "is_web_background": false, "is_film_background": false, "is_top_rated": false, "is_rated_scenes": false, "is_film_rated_movie": false, "is_most_watch_series": false, "is_rated_series": false}}, {"model": "core.movie", "pk": 55, "fields": {"background_image": "11.jpg", "name": "R R R", "year": 2024, "description": "There are many variations of passages of Lorem Ipsum available, but the majority have suffered alteration in some form, by injected humour, or randomised words which don't look even slightly believable. If you are going to use a passage of Lorem Ipsum, you need to be sure there isn't anything embarrassing hidden in the middle of text.", "duration": "02:45:00", "slug": "r-r-r-1752518465.414004", "created_date": "2025-07-14T00:00:00Z", "imdb_rating": "6.00", "streamvibe_rating": "5.50", "is_background": false, "is_carousel": false, "is_upcoming": false, "is_series": false, "is_trend": false, "is_featured": true, "is_trailer": true, "is_popular": true, "is_series_background": false, "is_web_background": false, "is_film_background": false, "is_top_rated": false, "is_rated_scenes": false, "is_film_rated_movie": false, "is_most_watch_series": false, "is_rated_series": false}}, {"model": "core.movie", "pk": 56, "fields": {"background_image": "12.jpg", "name": "pathan", "year": 2024, "description": "There are many variations of passages of Lorem Ipsum available, but the majority have suffered alteration in some form, by injected humour, or randomised words which don't look even slightly believable. If you are going to use a passage of Lorem Ipsum, you need to be sure there isn't anything embarrassing hidden in the middle of text.", "duration": "02:45:00", "slug": "pathan-1752518465.417744", "created_date": "2025-07-14T00:00:00Z", "imdb_rating": "7.00", "streamvibe_rating": "8.00", "is_background": false, "is_carousel": false, "is_upcoming": false, "is_series": false, "is_trend": false, "is_featured": true, "is_trailer": true, "is_popular": true, "is_series_background": false, "is_web_background": false, "is_film_background": false, "is_top_rated": false, "is_rated_scenes": false, "is_film_rated_movie": false, "is_most_watch_series": false, "is_rated_series": false}}, {"model": "core.movie", "pk": 57, "fields": {"background_image": "movie-bg-2_BxBjk9H.jpg", "name": "House of the drag", "year": 2024, "description": "There are many variations of passages of Lorem Ipsum available, but the majority have suffered alteration in some form, by injected humour, or randomised words which don't look even slightly believable. If you are going to use a passage of Lorem Ipsum, you need to be sure there isn't anything embarrassing hidden in the middle of text.", "duration": "02:45:00", "slug": "userleri-gorsun-1752602613", "created_date": "2025-07-15T18:03:33.014Z", "imdb_rating": "10.00", "streamvibe_rating": "9.00", "is_background": false, "is_carousel": false, "is_upcoming": false, "is_series": false, "is_trend": false, "is_featured": false, "is_trailer": false, "is_popular": false, "is_series_background": false, "is_web_background": true, "is_film_background": false, "is_top_rated": false, "is_rated_scenes": false, "is_film_rated_movie": false, "is_most_watch_series": false, "is_rated_series": false}}, {"model": "core.movie", "pk": 58, "fields": {"background_image": "03_wOXTtwE.jpg", "name": "House of the drag", "year": 2024, "description": "There are many variations of passages of Lorem Ipsum available, but the majority have suffered alteration in some form, by injected humour, or randomised words which don't look even slightly believable. If you are going to use a passage of Lorem Ipsum, you need to be sure there isn't anything embarrassing hidden in the middle of text.", "duration": "02:45:00", "slug": "house-of-the-drag-1752603152", "created_date": "2025-07-15T18:12:32.813Z", "imdb_rating": "10.00", "streamvibe_rating": "9.00", "is_background": false, "is_carousel": false, "is_upcoming": false, "is_series": false, "is_trend": false, "is_featured": false, "is_trailer": false, "is_popular": false, "is_series_background": false, "is_web_background": false, "is_film_background": false, "is_top_rated": false, "is_rated_scenes": true, "is_film_rated_movie": false, "is_most_watch_series": false, "is_rated_series": false}}, {"model": "core.movie", "pk": 59, "fields": {"background_image": "08.jpg", "name": "Outsider", "year": 2024, "description": "There are many variations of passages of Lorem Ipsum available, but the majority have suffered alteration in some form, by injected humour, or randomised words which don't look even slightly believable. If you are going to use a passage of Lorem Ipsum, you need to be sure there isn't anything embarrassing hidden in the middle of text.", "duration": "02:45:00", "slug": "userleri-gorsun-1752608635", "created_date": "2025-07-15T19:43:55.578Z", "imdb_rating": null, "streamvibe_rating": null, "is_background": false, "is_carousel": false, "is_upcoming": false, "is_series": false, "is_trend": false, "is_featured": false, "is_trailer": false, "is_popular": false, "is_series_background": false, "is_web_background": false, "is_film_background": false, "is_top_rated": false, "is_rated_scenes": false, "is_film_rated_movie": false, "is_most_watch_series": true, "is_rated_series": false}}, {"model": "core.movie", "pk": 60, "fields": {"background_image": "05_6kN3lR0.jpg", "name": "Panipat", "year": 2024, "description": "A fiery young man clashes with an unflinching forest officer in a south Indian village where spirituality, fate and folklore rule the lands.", "duration": "02:45:00", "slug": "userleri-gorsun-1752608795", "created_date": "2025-07-15T19:46:35.661Z", "imdb_rating": "8.90", "streamvibe_rating": "7.00", "is_background": false, "is_carousel": false, "is_upcoming": false, "is_series": false, "is_trend": false, "is_featured": false, "is_trailer": false, "is_popular": false, "is_series_background": false, "is_web_background": false, "is_film_background": false, "is_top_rated": false, "is_rated_scenes": false, "is_film_rated_movie": false, "is_most_watch_series": true, "is_rated_series": false}}, {"model": "core.movie", "pk": 61, "fields": {"background_image": "06_HDQRcYw.jpg", "name": "Disaster movie", "year": 2024, "description": "A fiery young man clashes with an unflinching forest officer in a south Indian village where spirituality, fate and folklore rule the lands.", "duration": "02:45:00", "slug": "disaster-movie-1752609263", "created_date": "2025-07-15T19:54:23.790Z", "imdb_rating": "4.00", "streamvibe_rating": "5.00", "is_background": false, "is_carousel": false, "is_upcoming": false, "is_series": false, "is_trend": false, "is_featured": false, "is_trailer": false, "is_popular": false, "is_series_background": false, "is_web_background": false, "is_film_background": false, "is_top_rated": false, "is_rated_scenes": false, "is_film_rated_movie": false, "is_most_watch_series": true, "is_rated_series": false}}, {"model": "core.movie", "pk": 62, "fields": {"background_image": "07_P4tzMrO.jpg", "name": "moon light", "year": 2024, "description": "A fiery young man clashes with an unflinching forest officer in a south Indian village where spirituality, fate and folklore rule the lands.", "duration": "02:45:00", "slug": "moon-light-1752609291", "created_date": "2025-07-15T19:54:51.547Z", "imdb_rating": "5.60", "streamvibe_rating": "6.80", "is_background": false, "is_carousel": false, "is_upcoming": false, "is_series": false, "is_trend": false, "is_featured": false, "is_trailer": false, "is_popular": false, "is_series_background": false, "is_web_background": false, "is_film_background": false, "is_top_rated": false, "is_rated_scenes": false, "is_film_rated_movie": false, "is_most_watch_series": true, "is_rated_series": false}}, {"model": "core.movie", "pk": 63, "fields": {"background_image": "25.jpg", "name": "Outsider", "year": 2024, "description": "A fiery young man clashes with an unflinching forest officer in a south Indian village where spirituality, fate and folklore rule the lands.", "duration": "02:45:00", "slug": "userleri-gorsun-1752609448", "created_date": "2025-07-15T19:57:28.237Z", "imdb_rating": "6.80", "streamvibe_rating": "3.00", "is_background": false, "is_carousel": false, "is_upcoming": false, "is_series": false, "is_trend": false, "is_featured": false, "is_trailer": false, "is_popular": false, "is_series_background": false, "is_web_background": false, "is_film_background": false, "is_top_rated": false, "is_rated_scenes": false, "is_film_rated_movie": false, "is_most_watch_series": false, "is_rated_series": true}}, {"model": "core.movie", "pk": 64, "fields": {"background_image": "27.jpg", "name": "windatalkers", "year": 2024, "description": "A fiery young man clashes with an unflinching forest officer in a south Indian village where spirituality, fate and folklore rule the lands.", "duration": "02:45:00", "slug": "windatalkers-1752609537", "created_date": "2025-07-15T19:58:57.693Z", "imdb_rating": "6.80", "streamvibe_rating": "6.80", "is_background": false, "is_carousel": false, "is_upcoming": false, "is_series": false, "is_trend": false, "is_featured": false, "is_trailer": false, "is_popular": false, "is_series_background": false, "is_web_background": false, "is_film_background": false, "is_top_rated": false, "is_rated_scenes": false, "is_film_rated_movie": false, "is_most_watch_series": false, "is_rated_series": true}}, {"model": "core.movie", "pk": 65, "fields": {"background_image": "24_T2zTZRP.jpg", "name": "Johnny English", "year": 2024, "description": "A fiery young man clashes with an unflinching forest officer in a south Indian village where spirituality, fate and folklore rule the lands.", "duration": "02:45:00", "slug": "johnny-english-1752609628", "created_date": "2025-07-15T20:00:28.429Z", "imdb_rating": "5.70", "streamvibe_rating": "6.80", "is_background": false, "is_carousel": false, "is_upcoming": false, "is_series": false, "is_trend": false, "is_featured": false, "is_trailer": false, "is_popular": false, "is_series_background": false, "is_web_background": false, "is_film_background": false, "is_top_rated": false, "is_rated_scenes": false, "is_film_rated_movie": false, "is_most_watch_series": false, "is_rated_series": true}}, {"model": "core.video", "pk": 14, "fields": {"url": "https://www.youtube.com/watch?v=-81w8ZDoo2I", "movie": 20}}, {"model": "core.video", "pk": 15, "fields": {"url": "https://www.youtube.com/watch?v=-81w8ZDoo2I", "movie": 21}}, {"model": "core.video", "pk": 16, "fields": {"url": "https://www.youtube.com/watch?v=-81w8ZDoo2I", "movie": 22}}, {"model": "core.video", "pk": 17, "fields": {"url": "https://www.youtube.com/watch?v=-81w8ZDoo2I", "movie": 23}}, {"model": "core.video", "pk": 18, "fields": {"url": "https://www.youtube.com/watch?v=-81w8ZDoo2I", "movie": 24}}, {"model": "core.video", "pk": 19, "fields": {"url": "https://www.youtube.com/watch?v=-81w8ZDoo2I", "movie": 25}}, {"model": "core.video", "pk": 20, "fields": {"url": "https://www.youtube.com/watch?v=-81w8ZDoo2I", "movie": 26}}, {"model": "core.video", "pk": 21, "fields": {"url": "https://www.youtube.com/watch?v=-81w8ZDoo2I", "movie": 27}}, {"model": "core.video", "pk": 22, "fields": {"url": "https://www.youtube.com/watch?v=-81w8ZDoo2I", "movie": 28}}, {"model": "core.video", "pk": 23, "fields": {"url": "https://www.youtube.com/watch?v=-81w8ZDoo2I", "movie": 29}}, {"model": "core.video", "pk": 24, "fields": {"url": "https://www.youtube.com/watch?v=-81w8ZDoo2I", "movie": 50}}, {"model": "core.video", "pk": 25, "fields": {"url": "https://www.youtube.com/watch?v=-81w8ZDoo2I", "movie": 30}}, {"model": "core.video", "pk": 26, "fields": {"url": "https://www.youtube.com/watch?v=-81w8ZDoo2I", "movie": 31}}, {"model": "core.video", "pk": 27, "fields": {"url": "https://www.youtube.com/watch?v=-81w8ZDoo2I", "movie": 32}}, {"model": "core.video", "pk": 28, "fields": {"url": "https://www.youtube.com/watch?v=-81w8ZDoo2I", "movie": 33}}, {"model": "core.video", "pk": 29, "fields": {"url": "https://www.youtube.com/watch?v=-81w8ZDoo2I", "movie": 34}}, {"model": "core.video", "pk": 30, "fields": {"url": "https://www.youtube.com/watch?v=-81w8ZDoo2I", "movie": 35}}, {"model": "core.video", "pk": 31, "fields": {"url": "https://www.youtube.com/watch?v=-81w8ZDoo2I", "movie": 36}}, {"model": "core.video", "pk": 32, "fields": {"url": "https://www.youtube.com/watch?v=-81w8ZDoo2I", "movie": 37}}, {"model": "core.video", "pk": 33, "fields": {"url": "https://www.youtube.com/watch?v=-81w8ZDoo2I", "movie": 38}}, {"model": "core.video", "pk": 34, "fields": {"url": "https://www.youtube.com/watch?v=-81w8ZDoo2I", "movie": 39}}, {"model": "core.video", "pk": 35, "fields": {"url": "https://www.youtube.com/watch?v=-81w8ZDoo2I", "movie": 40}}, {"model": "core.video", "pk": 36, "fields": {"url": "https://www.youtube.com/watch?v=-81w8ZDoo2I", "movie": 45}}, {"model": "core.video", "pk": 38, "fields": {"url": "https://www.youtube.com/watch?v=H50kerIdPv0", "movie": 57}}, {"model": "core.video", "pk": 39, "fields": {"url": "https://www.youtube.com/watch?v=H50kerIdPv0", "movie": 58}}, {"model": "core.video", "pk": 40, "fields": {"url": "https://www.youtube.com/watch?v=0me2UnrINyc", "movie": 59}}, {"model": "core.video", "pk": 41, "fields": {"url": "https://www.youtube.com/watch?v=0me2UnrINyc", "movie": 60}}, {"model": "core.video", "pk": 42, "fields": {"url": "https://www.youtube.com/watch?v=0me2UnrINyc", "movie": 61}}, {"model": "core.video", "pk": 43, "fields": {"url": "https://www.youtube.com/watch?v=H50kerIdPv0", "movie": 62}}, {"model": "core.video", "pk": 44, "fields": {"url": "https://www.youtube.com/watch?v=H50kerIdPv0", "movie": 63}}, {"model": "core.video", "pk": 45, "fields": {"url": "https://www.youtube.com/watch?v=0me2UnrINyc", "movie": 64}}, {"model": "core.video", "pk": 46, "fields": {"url": "https://www.youtube.com/watch?v=H50kerIdPv0", "movie": 65}}, {"model": "core.video", "pk": 47, "fields": {"url": "https://www.youtube.com/watch?v=H50kerIdPv0", "movie": 56}}, {"model": "core.video", "pk": 48, "fields": {"url": "https://www.youtube.com/watch?v=0me2UnrINyc", "movie": 55}}, {"model": "core.video", "pk": 49, "fields": {"url": "https://www.youtube.com/watch?v=H50kerIdPv0", "movie": 54}}, {"model": "core.video", "pk": 50, "fields": {"url": "https://www.youtube.com/watch?v=B37KAveko2I", "movie": 53}}, {"model": "core.video", "pk": 51, "fields": {"url": "https://www.youtube.com/watch?v=H50kerIdPv0", "movie": 52}}, {"model": "core.video", "pk": 52, "fields": {"url": "https://www.youtube.com/watch?v=0me2UnrINyc", "movie": 51}}, {"model": "core.video", "pk": 53, "fields": {"url": "https://www.youtube.com/watch?v=0me2UnrINyc", "movie": 49}}, {"model": "core.video", "pk": 54, "fields": {"url": "https://www.youtube.com/watch?v=0me2UnrINyc", "movie": 48}}, {"model": "core.video", "pk": 55, "fields": {"url": "https://www.youtube.com/watch?v=H50kerIdPv0", "movie": 47}}, {"model": "core.video", "pk": 56, "fields": {"url": "https://www.youtube.com/watch?v=0me2UnrINyc", "movie": 46}}, {"model": "core.genre", "pk": 1, "fields": {"name": "Adventure", "movie": [20, 21, 22, 23, 24, 25, 26, 27, 28, 29, 30, 32, 34, 35, 36, 39, 46, 47, 48, 49, 50, 51, 52, 54, 55, 56, 57, 58, 59, 61, 62, 63, 64, 65]}}, {"model": "core.genre", "pk": 2, "fields": {"name": "Horror", "movie": [20, 21, 22, 23, 24, 25, 31, 37, 38, 39, 40, 53, 57, 61, 63, 64]}}, {"model": "core.genre", "pk": 3, "fields": {"name": "Action", "movie": [26, 27, 28, 33, 35, 36, 45, 50, 52, 56, 57, 58, 59, 60, 61, 65]}}, {"model": "core.genre", "pk": 4, "fields": {"name": "Crime", "movie": [26, 27, 28, 29, 30, 37, 38, 39, 40, 46, 47, 48, 49, 50, 54, 60, 62, 65]}}, {"model": "core.genre", "pk": 5, "fields": {"name": "comedies", "movie": [31, 32, 33, 34, 37, 38, 39, 40, 45, 46, 51, 60, 63]}}, {"model": "core.genre", "pk": 6, "fields": {"name": "Science", "movie": [20, 26, 39, 53, 54, 55]}}, {"model": "core.contact", "pk": 9, "fields": {"name": "Emrah", "email": "emrah.kerimov1111@gmail.com", "message": "Isleyir"}}, {"model": "core.contact", "pk": 11, "fields": {"name": "Senin Ayselin💗", "email": "aayselmammadovaa@gmail.com", "message": "Çooox qeseng olubbbb ellerine saglıq yarasıgım🩵🫵🏻love u💗"}}, {"model": "core.contactsettings", "pk": 1, "fields": {"featured_movie": 20, "map_iframe": "<iframe src=\"https://www.google.com/maps/embed?pb=!1m18!1m12!1m3!1d3037.335190986951!2d49.8009635749321!3d40.42357617143851!2m3!1f0!2f0!3f0!3m2!1i1024!2i768!4f13.1!3m3!1m2!1s0x403087bbff624abd%3A0xe2937654124ce58c!2zS3Jpc3RhbCBBYsWfZXJvbiBCaWzJmWPJmXJp!5e0!3m2!1saz!2saz!4v1752778235252!5m2!1saz!2saz\" width=\"600\" height=\"450\" style=\"border:0;\" allowfullscreen=\"\" loading=\"lazy\" referrerpolicy=\"no-referrer-when-downgrade\"></iframe>", "contact_icon_svg": "+994514277474", "phone": "0514277474", "email": "emrah.kerimov1111@gmail.com", "address": "Binagadi"}}, {"model": "core.teampage", "pk": 1, "fields": {"name": "Leslie Alexander", "title": "Programmer", "image": "team-1.png", "facebook": "https://www.facebook.com/share/1EGgXuPS47/?mibextid=wwXIfr", "twitter": "https://www.facebook.com/share/1EGgXuPS47/?mibextid=wwXIfr", "instagram": "https://www.instagram.com/kerimoff206?igsh=dDFraXB6dDdvY3J1&utm_source=qr", "linkedin": "https://www.linkedin.com/in/%C9%99mrah-k%C9%99rimov-518950266?utm_source=share&utm_campaign=share_via&utm_content=profile&utm_medium=ios_app"}}, {"model": "core.teampage", "pk": 2, "fields": {"name": "Darlene Robertson", "title": "UI/UX designer", "image": "team-2.png", "facebook": "https://www.facebook.com/share/1EGgXuPS47/?mibextid=wwXIfr", "twitter": "https://www.facebook.com/share/1EGgXuPS47/?mibextid=wwXIfr", "instagram": "https://www.instagram.com/kerimoff206?igsh=dDFraXB6dDdvY3J1&utm_source=qr", "linkedin": "https://www.linkedin.com/in/%C9%99mrah-k%C9%99rimov-518950266?utm_source=share&utm_campaign=share_via&utm_content=profile&utm_medium=ios_app"}}, {"model": "core.teampage", "pk": 3, "fields": {"name": "Marvin McKinney", "title": "Web developer", "image": "team-3.png", "facebook": "https://www.facebook.com/share/1EGgXuPS47/?mibextid=wwXIfr", "twitter": "https://www.facebook.com/share/1EGgXuPS47/?mibextid=wwXIfr", "instagram": "https://www.instagram.com/kerimoff206?igsh=dDFraXB6dDdvY3J1&utm_source=qr", "linkedin": "https://www.linkedin.com/in/%C9%99mrah-k%C9%99rimov-518950266?utm_source=share&utm_campaign=share_via&utm_content=profile&utm_medium=ios_app"}}, {"model": "core.teampage", "pk": 4, "fields": {"name": "Esther Howard", "title": "CEO", "image": "team-4.png", "facebook": "https://www.facebook.com/share/1EGgXuPS47/?mibextid=wwXIfr", "twitter": "https://www.facebook.com/share/1EGgXuPS47/?mibextid=wwXIfr", "instagram": "https://www.instagram.com/kerimoff206?igsh=dDFraXB6dDdvY3J1&utm_source=qr", "linkedin": "https://www.linkedin.com/in/%C9%99mrah-k%C9%99rimov-518950266?utm_source=share&utm_campaign=share_via&utm_content=profile&utm_medium=ios_app"}}, {"model": "core.teampage", "pk": 5, "fields": {"name": "Devid Miller", "title": "Programmer", "image": "team-5.png", "facebook": "https://www.facebook.com/share/1EGgXuPS47/?mibextid=wwXIfr", "twitter": "https://www.facebook.com/share/1EGgXuPS47/?mibextid=wwXIfr", "instagram": "https://www.instagram.com/kerimoff206?igsh=dDFraXB6dDdvY3J1&utm_source=qr", "linkedin": "https://www.linkedin.com/in/%C9%99mrah-k%C9%99rimov-518950266?utm_source=share&utm_campaign=share_via&utm_content=profile&utm_medium=ios_app"}}, {"model": "core.teampage", "pk": 6, "fields": {"name": "Shikhon Islam", "title": "UI/UX designer", "image": "team-6.png", "facebook": "https://www.facebook.com/share/1EGgXuPS47/?mibextid=wwXIfr", "twitter": "https://www.facebook.com/share/1EGgXuPS47/?mibextid=wwXIfr", "instagram": "https://www.instagram.com/kerimoff206?igsh=dDFraXB6dDdvY3J1&utm_source=qr", "linkedin": "https://www.linkedin.com/in/%C9%99mrah-k%C9%99rimov-518950266?utm_source=share&utm_campaign=share_via&utm_content=profile&utm_medium=ios_app"}}, {"model": "core.teampage", "pk": 7, "fields": {"name": "Marvin Smith", "title": "Web developer", "image": "team-7.png", "facebook": "https://www.facebook.com/share/1EGgXuPS47/?mibextid=wwXIfr", "twitter": "https://www.facebook.com/share/1EGgXuPS47/?mibextid=wwXIfr", "instagram": "https://www.instagram.com/kerimoff206?igsh=dDFraXB6dDdvY3J1&utm_source=qr", "linkedin": "https://www.linkedin.com/in/%C9%99mrah-k%C9%99rimov-518950266?utm_source=share&utm_campaign=share_via&utm_content=profile&utm_medium=ios_app"}}, {"model": "core.teampage", "pk": 8, "fields": {"name": "Esther Miller", "title": "CEO", "image": "team-8.png", "facebook": "https://www.facebook.com/share/1EGgXuPS47/?mibextid=wwXIfr", "twitter": "https://www.linkedin.com/in/%C9%99mrah-k%C9%99rimov-518950266?utm_source=share&utm_campaign=share_via&utm_content=profile&utm_medium=ios_app", "instagram": "https://www.instagram.com/kerimoff206?igsh=dDFraXB6dDdvY3J1&utm_source=qr", "linkedin": "https://www.linkedin.com/in/%C9%99mrah-k%C9%99rimov-518950266?utm_source=share&utm_campaign=share_via&utm_content=profile&utm_medium=ios_app"}}, {"model": "core.tag", "pk": 1, "fields": {"name": "comedie", "slug": "comedie"}}, {"model": "core.tag", "pk": 2, "fields": {"name": "Crime", "slug": "crime"}}, {"model": "core.tag", "pk": 3, "fields": {"name": "Action", "slug": "action"}}, {"model": "core.tag", "pk": 4, "fields": {"name": "Adventure", "slug": "adventure"}}, {"model": "core.tag", "pk": 5, "fields": {"name": "Joke", "slug": "joke"}}, {"model": "core.tag", "pk": 6, "fields": {"name": "Horror", "slug": "horror"}}, {"model": "core.tag", "pk": 7, "fields": {"name": "Fantastic", "slug": "fantastic"}}, {"model": "core.tag", "pk": 8, "fields": {"name": "Terrible", "slug": "terrible"}}, {"model": "core.tag", "pk": 9, "fields": {"name": "Romantic", "slug": "romantic"}}, {"model": "core.tag", "pk": 10, "fields": {"name": "Recent", "slug": "recent"}}, {"model": "core.tag", "pk": 11, "fields": {"name": "Series", "slug": "series"}}, {"model": "core.tag", "pk": 12, "fields": {"name": "Trailer", "slug": "trailer"}}, {"model": "core.blogpost", "pk": 2, "fields": {"title": "Features Are Making Streaming Inclusive watching content", "author": "Marry biden", "published_at": "2025-07-18T19:03:42.491Z", "excerpt": "Fringilla urna porttitor rhoncus dolor purusmuct uvene natisle ctus magna frin gill hdiam maer cenas ultricie mi eyets mau ristions in tellus molestie nunc non bland it massa ltriceserosn curs us turpis massa tincidunt cenas ultricie mieyets maurisibh tellus mole stie nunc non bland it massa ltriceserosn curs us.", "content": "Consectetur adipisicing elit, sed do eiusmod tempor incididunt ut labore et dolore of magna aliqua. Ut enim ad minim veniam, made of owl the quis nostrud exercitation ullamco laboris nisi ut aliquip ex ea dolor commodo consequat. Duis aute irure and dolor in reprehenderit.\r\n\r\nThe is ipsum dolor sit amet consectetur adipiscing elit. Fusce eleifend porta arcu In hac habitasse the is platea augue thelorem turpoi dictumst. In lacus libero faucibus at malesuada sagittis placerat eros sed istincidunt augue ac ante rutrum sed the is sodales augue consequat.\r\n\r\nNulla facilisi. Vestibulum tristique sem in eros eleifend imperdiet. Donec quis convallis neque. In id lacus pulvinar lacus, eget vulputate lectus. Ut viverra bibendum lorem, at tempus nibh mattis in. Sed a massa eget lacus consequat auctor.", "image": "blog/post-1_wWGfVUc.jpg", "slug": "t5vr4cxew", "tags": [3, 4, 5]}}, {"model": "core.blogpost", "pk": 3, "fields": {"title": "How OTT Platforms Are Redefining Original Content Creation", "author": "Marry biden", "published_at": "2025-07-19T09:14:37.805Z", "excerpt": "Fringilla urna porttitor rhoncus dolor purusmuct uvene natisle ctus magna frin gill hdiam maer cenas ultricie mi eyets mau ristions in tellus molestie nunc non bland it massa ltriceserosn curs us turpis massa tincidunt cenas ultricie mieyets maurisibh tellus mole stie nunc non bland it massa ltriceserosn curs us.", "content": "Consectetur adipisicing elit, sed do eiusmod tempor incididunt ut labore et dolore of magna aliqua. Ut enim ad minim veniam, made of owl the quis nostrud exercitation ullamco laboris nisi ut aliquip ex ea dolor commodo consequat. Duis aute irure and dolor in reprehenderit.\r\n\r\nThe is ipsum dolor sit amet consectetur adipiscing elit. Fusce eleifend porta arcu In hac habitasse the is platea augue thelorem turpoi dictumst. In lacus libero faucibus at malesuada sagittis placerat eros sed istincidunt augue ac ante rutrum sed the is sodales augue consequat.\r\n\r\nNulla facilisi. Vestibulum tristique sem in eros eleifend imperdiet. Donec quis convallis neque. In id lacus pulvinar lacus, eget vulputate lectus. Ut viverra bibendum lorem, at tempus nibh mattis in. Sed a massa eget lacus consequat auctor.", "image": "blog/post-2.jpg", "slug": "how-ott-platforms-are-redefining-original-content", "tags": [4, 7, 9, 12]}}, {"model": "core.blogpost", "pk": 4, "fields": {"title": "How Accessibility Features Are Making Streaming Inclusive", "author": "Marry biden", "published_at": "2025-07-19T09:20:21.496Z", "excerpt": "Fringilla urna porttitor rhoncus dolor purusmuct uvene natisle ctus magna frin gill hdiam maer cenas ultricie mi eyets mau ristions in tellus molestie nunc non bland it massa ltriceserosn curs us turpis massa tincidunt cenas ultricie mieyets maurisibh tellus mole stie nunc non bland it massa ltriceserosn curs us.", "content": "Fringilla urna porttitor rhoncus dolor purusmuct uvene natisle ctus magna frin gill hdiam maer cenas ultricie mi eyets mau ristions in tellus molestie nunc non bland it massa ltriceserosn curs us turpis massa tincidunt cenas ultricie mieyets maurisibh tellus mole stie nunc non bland it massa ltriceserosn curs us.", "image": "blog/post-3.jpg", "slug": "how-accessibility-features-are-making-streaming-in", "tags": [1, 2, 3, 4, 5, 6, 7, 8, 9, 10, 11, 12]}}, {"model": "core.socialmedia", "pk": 7, "fields": {"name": "Facebook", "url": "https://www.facebook.com/share/1EGgXuPS47/?mibextid=wwXIfr", "icon_class": "fab fa-facebook-f"}}, {"model": "core.socialmedia", "pk": 8, "fields": {"name": "instagram", "url": "https://www.instagram.com/kerimoff206?igsh=dDFraXB6dDdvY3J1&utm_source=qr", "icon_class": "fab fa-instagram"}}, {"model": "core.socialmedia", "pk": 9, "fields": {"name": "Linkedin", "url": "https://www.linkedin.com/in/%C9%99mrah-k%C9%99rimov-518950266?utm_source=share&utm_campaign=share_via&utm_content=profile&utm_medium=ios_app", "icon_class": "fab fa-linkedin-in"}}, {"model": "core.socialmedia", "pk": 10, "fields": {"name": "twitter", "url": "https://www.instagram.com/kerimoff206?igsh=dDFraXB6dDdvY3J1&utm_source=qr", "icon_class": "fab fa-twitter"}}, {"model": "core.contactinfo", "pk": 1, "fields": {"address": "Binagadi", "email": "emrah.kerimov1111@gmail.com", "working_hours": "Mod-friday, 09am -05pm", "phone": "051-427-74-74"}}]